,gamma=0.001,gamma=0.003,gamma=0.01
sigma=0.2,0.003685220386482289,0.008522036366291346,0.009430397107973196
sigma=0.6,0.011923375288881264,0.03298328974295135,0.08108235577016555
sigma=1.0,0.02006072108236444,0.05738375733362943,0.1606898936786087
